{
    "version": "1.0",
    "errorCode": 200,
    "errorMessage": null,
    "listOfModels": [
        {
            "ctrlYear": "2016",
            "ctrlDateRange": "Nov 2016 to Nov 2016",
            "activeInd": null,
            "ctrlName": "CTRL#1"
        },
        {
            "ctrlYear": "2016",
            "ctrlDateRange": "Dec 2016 to Dec 2016",
            "activeInd": null,
            "ctrlName": "CTRL#1"
        },
        {
            "ctrlYear": "2017",
            "ctrlDateRange": "Jan 2017 to Jan 2017",
            "activeInd": null,
            "ctrlName": "CTRL#1"
        },
        {
            "ctrlYear": "2016",
            "ctrlDateRange": "Dec 2016 to Dec 2016",
            "activeInd": "Y",
            "ctrlName": "CTRL#2"
        }
    ],
    "currentPageIndex": 0,
    "pageSize": 0,
    "totalItems": 0,
    "totalCount": 0,
    "countOfModelElements": 2
}