{
    "version": "1.0",
    "errorCode": 200,
    "errorMessage": null,
    "listOfModels": [ {
	    "envCd": "ENV#1",
	    "managerName": null,
	    "personId": null,
	    "userName": "TD_USER",
	    "roleName": "DIRECT ACCESS",
	    "approved": null,
	    "revoked": null,
	    "notReviewed": "Y",
	    "ctrlYear": null,
	    "ctrlDateRange": null,
	    "ctrlName": null
		}, {
	    "envCd": "ENV#1",
	    "managerName": null,
	    "personId": null,
	    "userName": "TD_USER",
	    "roleName": "DIRECT ACCESS",
	    "approved": null,
	    "revoked": null,
	    "notReviewed": "Y",
	    "ctrlYear": null,
	    "ctrlDateRange": null,
	    "ctrlName": null
		}, {
	    "envCd": "ENV#1",
	    "managerName": null,
	    "personId": null,
	    "userName": "TD_USER",
	    "roleName": "DIRECT ACCESS",
	    "approved": null,
	    "revoked": null,
	    "notReviewed": "Y",
	    "ctrlYear": null,
	    "ctrlDateRange": null,
	    "ctrlName": null
		}, {
	    "envCd": "ENV#1",
	    "managerName": null,
	    "personId": null,
	    "userName": "TD_USER",
	    "roleName": "DIRECT ACCESS",
	    "approved": null,
	    "revoked": null,
	    "notReviewed": "Y",
	    "ctrlYear": null,
	    "ctrlDateRange": null,
	    "ctrlName": null
		}, {
	    "envCd": "ENV#1",
	    "managerName": null,
	    "personId": null,
	    "userName": "TD_USER",
	    "roleName": "DIRECT ACCESS",
	    "approved": null,
	    "revoked": null,
	    "notReviewed": "Y",
	    "ctrlYear": null,
	    "ctrlDateRange": null,
	    "ctrlName": null
		}, {
	    "envCd": "ENV#1",
	    "managerName": null,
	    "personId": null,
	    "userName": "TD_USER",
	    "roleName": "DIRECT ACCESS",
	    "approved": null,
	    "revoked": null,
	    "notReviewed": "Y",
	    "ctrlYear": null,
	    "ctrlDateRange": null,
	    "ctrlName": null
		}, {
	    "envCd": "ENV#1",
	    "managerName": null,
	    "personId": null,
	    "userName": "TD_USER",
	    "roleName": "DIRECT ACCESS",
	    "approved": null,
	    "revoked": null,
	    "notReviewed": "Y",
	    "ctrlYear": null,
	    "ctrlDateRange": null,
	    "ctrlName": null
		}, {
	    "envCd": "ENV#1",
	    "managerName": null,
	    "personId": null,
	    "userName": "TD_USER",
	    "roleName": "DIRECT ACCESS",
	    "approved": null,
	    "revoked": null,
	    "notReviewed": "Y",
	    "ctrlYear": null,
	    "ctrlDateRange": null,
	    "ctrlName": null
		}
		
    ],
    "currentPageIndex": 0,
    "pageSize": 0,
    "totalItems": 0,
    "totalCount": 0,
    "countOfModelElements": 0
}